char1,¤@
char2,¤G
char3,¤T
char4,¤Q
char5,¤h
char6,¤ý
char7,¤u
char8,¤g
char9,¤«
char10,¤W
char11,¥¿
char12,«D
char13,¤é
char14,¤ê
char15,¥Ð
char16,¤¤
char17,¥Ò
char18,¥Ó
char19,¤H
char20,¤j
char21,¤Ó
char22,¤S
char23,¤Ñ
char24,¤Ò
char25,¤Ï
char26,¤Î
char27,¤Î
char28,¤µ
char29,¥O
char30,§t
char31,¦Z
char32,¥C
char33,­«
char34,¥Í
char35,§e
char36,¦®
char37,¥¼
char38,¨Ó
char39,ªF
char40,¥½
char41,¤ô
char42,¥Ã
char43,¥G
char44,¦t
char45,¨É
char46,©Ó
char47,¤l
char48,¾Ç
char49,¤O
char50,¤Å
char51,¤è
char52,¥\
char53,ª«
char54,¨`
char55,¥N
char56,§Ù
char57,§Ú
char58,·P
char59,¸ü
char60,Â¾
char61,¤ß
char62,«ä
char63,§Ñ
char64,®¦
char65,¼w
char66,¼{
char67,¤]
char68,¤¸
char69,¥ú
char70,¦a
char71,Ñº 
char72,Æ[
char73,¥É
char74,¦Ü
char75,¤U
char76,¥ß
char77,¤å
char78,¨¥
char79,¤ª
char80,¥È
char81,¤½
char82,¤£
char83,¥A
char84,­¹
char85,¨Ã
char86,­Y
char87,­Ý
char88,«e
char89,¬ü
char90,¾i
char91,¤»
char92,¨ä
char93,¨å
char94,¶À
char95,»P
char96,§B
char97,¤¯
char98,§@
char99,²M
char100,¦a
char101,«ù
char102,§Q
char103,«h
char104,§Î
char105,¦C
char106,©¹
char107,¥h
char108,¤§
char109,®L
char110,¦Ù
char111,§ï
char112,®Ä
char113,­P
char114,²z
char115,¼Ú
char116,±ý
char117,©µ
char118,»·
char119,­º
char120,ëÆ
char121,°_
char122,©T
char123,¤º
char124,®É
char125,¥[
char126,»Ê
char127,©x
char128,·í
char129,¸g
char130,¨Ê
char131,¬ö
char132,»D
char133,¶³
char134,¸U
char135,Ä_
char136,©s
char137,©É
char138,®×
char139,µL
char140,°ß
char141,³¯
char142,­·
char143,¯e
char144,²ü
char145,«Î
char146,ºÖ
char147,¦b
char148,µn
char149,¶Ã
char150,¹ç
char151,¦¨
char152,®c
char153,¬u
char154,»Ê
char155,ºÊ
char156,¾ß
char157,¥æ
char158,¨Í
char159,¹d
char160,°p
char161,¼x
char162,©^
char163,¼¶
char164,´»
char165,¦¹
char166,Á×
char167,ÀH
char168,¤]
char169,«a
char170,§Ü
char171,·µ
char172,µ´
char173,À¤
char174,¦À
char175,¸ó
char176,¬[
char177,¥|
char178,´É
char179,¸¯
char180,»O
char181,©P
char182,µø
char183,·u
char184,ºk
char185,ºÑ
char186,Áø
char187,Á«
char188,½a
char189,¨¬
char190,ª¢
char191,¤×
char192,±q
char193,²`
char194,²Y
char195,®}
char196,¸Û
char197,»]
char198,³Ó
char199,®z
char200,¼¾
char201,©l
char202,Àç
char203,»õ
char204,³ü
char205,²×
char206,Ãh
char207,°Ê
char208,«H
char209,Ä¶
char210,½ü
char211,²Q
char212,µÂ
char213,¦{
char214,©Ú
char215,¥R
char216,½s
char217,¤á
char218,«w
char219,¸s
char220,²¦
char221,ÆF
char222,¿²
char223,»ö
char224,ÂÇ
char225,¿ò
char226,«B
char227,³Ò
char228,³ó
char229,µS
char230,¹ð
char231,¬Æ
char232,Â÷
char233,½Ð
char234,®a
char235,±¤
char236,©Ê
char237,±f
char238,²£
char239,ªÖ
char240,­Á
char241,·´
char242,Á¸
char243,¶Q
char244,´`
char245,¾ë
char246,¥²
char247,ÀZ
char248,·l
char249,Ãa
char250,Âø
char251,¯»
char252,¤¦
char253,Ät
char254,ªd
char255,¶¥
char256,­T
char257,ÄR
char258,¾À
char259,¬ä
char260,±µ
char261,Äò
char262,Ã£
char263,¹î
char264,Å²
char265,»ü
char266,««
char267,°V
char268,©ø
char269,«á
char270,¸t
char271,©¼
char272,¬J
char273,ºÜ
char274,¿×
char275,¨õ
char276,ªÌ
char277,¤Þ
char278,¨¦
char279,¥»
char280,¥F
char281,¨D
char282,«°
char283,¦¯
char284,¤v
char285,¾ú
char286,³Ö
char287,¨B
char288,Ä±
char289,¼í
char290,§ú
char291,¾É
char292,¯F
char293,Âe
char294,´ë
char295,Ãè
char296,¨ý
char297,ª`
char298,¾]
char299,¥k
char300,«×
char301,³e
char302,©Ð
char303,¿E
char304,´­
char305,ªi
char306,µµ
char307,Âù
char308,¿º
char309,±N
char310,­ê
char311,ºë
char312,±þ
char313,¸o
char314,½à
char315,¿ü
char316,±o
char317,Â§
char318,«h
char319,Ä¿
char320,¥X
char321,®x
char322,õ¦
char323,¹Ï
char324,¯Â
char325,©M
char326,¶¼
char327,Äm
char328,¹Ø
char329,º~
char330,ªZ
char331,¦~
char332,®v
char333,ÞÌ
char334,¬Ò
char335,·U
char336,µM
char337,¯«
char338,§ß
char339,©ú
char340,÷ø
char341,?
char342,¨I
char343,¹I
char344,ÄÖ
char345,¬O
char346,¥H
char347,¦Ê
char348,¹@
char349,­ë
char350,¬Û
char351,¦â
char352,Ãh
char353,¥±
char354,¦³
char355,Áö
char356,¥ð
char357,©õ
char358,²»
char359,¬°
char360,¹ê
char361,Åç
char362,´µ
char363,«Ò
char364,°Z
char365,¦Ú
char366,©Ò
char367,Åã
char368,¦ý
char369,®Ñ
char370,¨Æ
char371,¨Ï
char372,°ê
char373,²±
char374,´±
char375,¿ý
char376,¬¸
char377,µü
char378,¬Ó
char379,¹B
char380,¤d
char381,Át
char382,´Á
char383,°ª
char384,¶Ô
char385,¬ê
char386,ÁÚ
char387,¤­
char388,´¤
char389,¾÷
char390,ÁÐ
char391,¯x
char392,§J
char393,º×
char394,¬ö
char395,¶}
char396,ÅP
char397,°Ã
char398,¨Ã
char399,µ`
char400,¹D
char401,¦W
char402,¼ç
char403,´X
char404,²ö
char405,´ú
char406,Æw
char407,¦Ó
char408,¯Ñ
char409,Ãû
char410,ÁÂ
char411,¦w
char412,ª¾
char413,¯ä
char414,Án
char415,Ãþ
char416,«~
char417,¬y
char418,ÅÜ
char419,½è
char420,À³
char421,²j
char422,¦p
char423,ÅT
char424,´º
char425,ß»
char426,Ác
char427,¬ç
char428,Às
char429,Àt
char430,»ñ
char431,¯Q
char432,³k
char433,¹|
char434,½ù
char435,°±
char436,¥v
char437,µ½
char438,­°
char439,´¼
char440,Á¾
char441,¼ë
char442,µE
char443,¼ä
char444,¥Ì
char445,¦B
char446,¾®
char447,º«
char448,¥Î
char449,®õ
char450,¼y
char451,¤i
char452,±§
char453,©~
char454,±R
char455,¼Ö
char456,¯ë
char457,¼~
char458,ª±
char459,µØ
char460,²E
char461,¼Y
char462,º¡
char463,©À
char464,«O
char465,­s
char466,²v
char467,§ó
char468,«k
char469,®ü
char470,¶§
char471,¸ß
char472,¤B
char473,¤C
char474,ÉE
char475,¥B
char476,¥@
char477,¥à
char478,¤Y
char479,¥D
char480,¨Ä
char481,­¼
char482,¤E
char483,¤©
char484,¤_
char485,¤¬
char486,¤`
char487,¥ç
char488,¦ë
char489,«F
char490,«G
char491,¤°
char492,¤´
char493,¥K
char494,¥M
char495,¥P
char496,¥Q
char497,¥õ
char498,¥ò
char499,¥ô
char500,¥ø
char501,¥ì
char502,¥ñ
char503,¥ï
char504,¦÷
char505,¦î
char506,¦ì
char507,¦õ
char508,¦ó
char509,¦ò
char510,¨Î
char511,¨×
char512,ËÆ
char513,¨Ñ
char514,¨Ì
char515,«J
char516,«I
char517,«Q
char518,«K
char519,«X
char520,«T
char521,«[
char522,«U
char523,«R
char524,­Ñ
char525,­Ú
char526,­Ê
char527,­Â
char528,­Û
char529,°³
char530,ÔU
char531,°¼
char532,³Ç
char533,³Æ
char534,¶Ç
char535,¶Ë
char536,¶É
char537,¹²
char538,¹±
char539,¹¬
char540,»ù
char541,?
char542,äï
char543,¾§
char544,¾©
char545,Àu
char546,Åk
char547,¤¹
char548,¥S
char549,¥û
char550,¥ý
char551,§K
char552,¨ß
char553,¤J
char554,¥þ
char555,¤K
char556,¦@
char557,§L
char558,¨ã
char559,¾¬
char560,¥T
char561,«`
char562,­Þ
char563,¥V
char564,§M
char565,­ã
char566,­ä
char567,­â
char568,¤L
char569,¤Z
char570,³Í
char571,¤¿
char572,¤M
char573,¤À
char574,¤Á
char575,¥Z
char576,ªì
char577,§P
char578,¨ì
char579,¦D
char580,¨î
char581,¨ë
char582,ÜÇ
char583,¹º
char584,§T
char585,?
char586,±Õ
char587,°Ç
char588,°È
char589,¶Õ
char590,¶Ö
char591,¾±
char592,¥]
char593,¤Æ
char594,¥_
char595,¹¼
char596,¤Ç
char597,°Ï
char598,¤Ê
char599,¨ó
char600,«n
char601,³Õ
char602,¤R
char603,¤Ë
char604,¦L
char605,¦M
char606,¨ù
char607,§Y
char608,«p
char609,­ì
char610,°Ñ
char611,¤Í
char612,¨ú
char613,¨ü
char614,«q
char615,¤f
char616,¥j
char617,¥i
char618,¥x
char619,?
char620,¥q
char621,¦S
char622,¦P
char623,¦O
char624,¦R
char625,§g
char626,§u
char627,§_
char628,§d
char629,§j
char630,§^
char631,?
char632,©R
char633,©C
char634,«t
char635,«s
char636,­ô
char637,­ð
char638,°Ý
char639,?
char640,Øn
char641,³ë
char642,³à
char643,ÜÌ
char644,¹Å
char645,¼S
char646,ÄY
char647,Ån
char648,¦]
char649,³ò
char650,¶é
char651,¶ê
char652,§¡
char653,©[
char654,«®
char655,°ì
char656,°õ
char657,°ò
char658,°ó
char659,°í
char660,³ö
char661,³ø
char662,³õ
char663,¶ð
char664,¶î
char665,¹Ð
char666,¼U
char667,¹Ò
char668,áV
char669,¹Ó
char670,¼W
char671,¾¥
char672,¼X
char673,¾Â
char674,ÂS
char675,Ä[
char676,¥~
char677,¦g
char678,¦h
char679,©]
char680,©a
char681,©_
char682,«´
char683,©b
char684,«Ù
char685,®N
char686,³þ
char687,¶ø
char688,¹Ü
char689,¦n
char690,§®
char691,©c
char692,©e
char693,«Â
char694,°ú
char695,´A
char696,Øµ
char697,¤Õ
char698,¥¥
char699,¦r
char700,¦s
char701,§µ
char702,©u
char703,©t
char704,®]
char705,¼ô
char706,¦v
char707,¦u
char708,§»
char709,©v
char710,©y
char711,«È
char712,«Å
char713,«Ç
char714,®b
char715,®f
char716,®e
char717,±J
char718,±H
char719,±K
char720,±F
char721,´J
char722,ØÓ
char723,¼g
char724,Ãd
char725,¦x
char726,«Ê
char727,®g
char728,±M
char729,±L
char730,´M
char731,¹ï
char732,¤p
char733,¤Ö
char734,©|
char735,¥§
char736,§½
char737,®i
char738,±O
char739,®j
char740,¼i
char741,ÄÝ
char742,¤Ù
char743,¤s
char744,§Â
char745,©¦
char746,©¨
char747,«Ï
char748,®m
char749,±W
char750,Øá
char751,´P
char752,»U
char753,À¯
char754,À®
char755,År
char756,ÅÉ
char757,¤t
char758,¨µ
char759,±_
char760,¥ª
char761,®t
char762,¤w
char763,¥«
char764,¥¬
char765,§Æ
char766,©­
char767,®v
char768,®u
char769,±a
char770,á²
char771,¼m
char772,¥­
char773,¦}
char774,«Õ
char775,§Ç
char776,©³
char777,©°
char778,©²
char779,±d
char780,±e
char781,Ý^
char782,·G
char783,´Y
char784,¹ø
char785,¼q
char786,¼o
char787,¼s
char788,«Ø
char789,°j
char790,¥¯
char791,§Ë
char792,¹ú
char793,¦¡
char794,¤}
char795,§Ì
char796,©·
char797,±i
char798,±j
char799,¼u
char800,?
char801,«Û
char802,±n
char803,¼v
char804,«Ý
char805,«ß
char806,®{
char807,´_
char808,¹ý
char809,À²
char810,É{
char811,§Ô
char812,§Ó
char813,©¾
char814,©¿
char815,«î
char816,®¤
char817,«ë
char818,«ï
char819,®¥
char820,®®
char821,®­
char822,®«
char823,®¯
char824,®©
char825,´d
char826,±¥
char827,±¡
char828,±©
char829,´f
char830,´c
char831,·N
char832,·R
char833,·_
char834,·V
char835,·O
char836,ºA
char837,·W
char838,?
char839,¼|
char840,ºE
char841,¼z
char842,´n
char843,¼¢
char844,¾Ì
char845,¼§
char846,Àµ
char847,À·
char848,ÂV
char849,Äa
char850,¤à
char851,¦¥
char852,©Î
char853,ºI
char854,©Ñ
char855,ÎÓ
char856,®°
char857,§Þ
char858,§ë
char859,§é
char860,©Ü
char861,©ê
char862,©â
char863,©Þ
char864,«ô
char865,¬A
char866,«ö
char867,®¶
char868,®¼
char869,®·
char870,±¶
char871,±Â
char872,±´
char873,±±
char874,±À
char875,±»
char876,´£
char877,´§
char878,·j
char879,Ý¨
char880,ºR
char881,¼¯
char882,áà
char883,·i
char884,áá
char885,¼¸
char886,ÙZ
char887,é©
char888,¾Ö
char889,¾Ü
char890,¾à
char891,ÀÂ
char892,ÂZ
char893,Äá
char894,§ñ
char895,¬F
char896,¬G
char897,±Ð
char898,±Ó
char899,´²
char900,¼Å
